day,Change %
01/03/2023,0.76%
01/04/2023,0.93%
01/05/2023,-0.76%
01/06/2023,1.91%
01/09/2023,-0.41%
01/10/2023,0.90%
01/11/2023,0.74%
01/12/2023,-0.10%
01/13/2023,2.52%
01/17/2023,-1.55%
01/18/2023,-3.00%
01/19/2023,-1.33%
01/20/2023,0.24%
01/23/2023,1.62%
01/24/2023,0.86%
01/25/2023,0.48%
01/26/2023,0.62%
01/27/2023,0.24%
01/30/2023,-0.85%
01/31/2023,0.60%
02/01/2023,-0.26%
02/02/2023,-0.47%
02/03/2023,1.55%
02/06/2023,0.59%
02/07/2023,1.22%
02/08/2023,-0.70%
02/09/2023,-1.56%
02/10/2023,0.44%
02/13/2023,1.08%
02/14/2023,0.44%
02/15/2023,0.42%
02/16/2023,-1.38%
02/17/2023,0.30%
02/21/2023,-1.83%
02/22/2023,-0.77%
02/23/2023,0.80%
02/24/2023,0.90%
02/27/2023,0.87%
02/28/2023,0.84%
03/01/2023,-0.56%
03/02/2023,-1.04%
03/03/2023,1.84%
03/06/2023,-0.58%
03/07/2023,-2.94%
03/08/2023,-0.59%
03/09/2023,-5.41%
03/10/2023,2.54%
03/13/2023,-1.80%
03/14/2023,2.57%
03/15/2023,-4.72%
03/16/2023,1.94%
03/17/2023,-3.78%
03/20/2023,1.06%
03/21/2023,2.68%
03/22/2023,-2.58%
03/23/2023,-0.27%
03/24/2023,-1.52%
03/27/2023,2.87%
03/28/2023,0.30%
03/29/2023,0.20%
03/30/2023,-0.30%
03/31/2023,1.21%
04/03/2023,-0.12%
04/04/2023,-1.34%
04/05/2023,-0.63%
04/06/2023,-0.11%
04/10/2023,0.33%
04/11/2023,0.49%
04/12/2023,-0.02%
04/13/2023,0.38%
04/14/2023,7.55%
04/17/2023,0.79%
04/18/2023,1.12%
04/19/2023,-0.13%
04/20/2023,-0.29%
04/21/2023,-0.19%
04/24/2023,0.14%
04/25/2023,-2.17%
04/26/2023,-1.77%
04/27/2023,1.35%
04/28/2023,0.87%
05/01/2023,2.14%
05/02/2023,-1.61%
05/03/2023,-2.12%
05/04/2023,-1.37%
05/05/2023,1.95%
05/08/2023,0.24%
05/09/2023,-0.48%
05/10/2023,0.05%
05/11/2023,-0.32%
05/12/2023,-1.43%
05/15/2023,0.84%
05/16/2023,-0.67%
05/17/2023,3.07%
05/18/2023,0.76%
05/19/2023,-0.23%
05/22/2023,-0.83%
05/23/2023,-1.04%
05/24/2023,-0.92%
05/25/2023,0.24%
05/26/2023,0.94%
05/30/2023,0.38%
05/31/2023,-1.27%
06/01/2023,1.38%
06/02/2023,2.10%
06/05/2023,-0.98%
06/06/2023,0.18%
06/07/2023,0.97%
06/08/2023,0.03%
06/09/2023,0.20%
06/12/2023,-0.01%
06/13/2023,0.72%
06/14/2023,-0.37%
06/15/2023,1.13%
06/16/2023,0.12%
06/20/2023,-0.51%
06/21/2023,-0.15%
06/22/2023,-1.93%
06/23/2023,-0.52%
06/26/2023,0.24%
06/27/2023,0.01%
06/28/2023,-0.44%
06/29/2023,3.49%
06/30/2023,1.40%
07/03/2023,0.80%
07/05/2023,-1.34%
07/06/2023,-0.99%
07/07/2023,0.79%
07/10/2023,0.56%
07/11/2023,1.56%
07/12/2023,0.50%
07/13/2023,0.49%
07/14/2023,0.60%
07/17/2023,2.41%
07/18/2023,0.18%
07/19/2023,0.38%
07/20/2023,1.23%
07/21/2023,-0.77%
07/24/2023,1.97%
07/25/2023,-0.75%
07/26/2023,0.60%
07/27/2023,-1.10%
07/28/2023,0.57%
07/31/2023,0.67%
08/01/2023,-0.49%
08/02/2023,-1.13%
08/03/2023,0.61%
08/04/2023,-0.21%
08/07/2023,0.47%
08/08/2023,-0.56%
08/09/2023,-1.34%
08/10/2023,-0.15%
08/11/2023,0.58%
08/14/2023,0.21%
08/15/2023,-2.55%
08/16/2023,-0.42%
08/17/2023,-1.04%
08/18/2023,0.23%
08/21/2023,0.34%
08/22/2023,-2.07%
08/23/2023,0.68%
08/24/2023,-0.09%
08/25/2023,-0.12%
08/28/2023,0.35%
08/29/2023,0.81%
08/30/2023,-0.40%
08/31/2023,-1.24%
09/01/2023,0.33%
09/05/2023,-1.10%
09/06/2023,-0.17%
09/07/2023,-0.86%
09/08/2023,0.08%
09/11/2023,0.44%
09/12/2023,1.30%
09/13/2023,0.05%
09/14/2023,1.94%
09/15/2023,-0.29%
09/18/2023,0.21%
09/19/2023,-0.13%
09/20/2023,-0.42%
09/21/2023,-0.78%
09/22/2023,-0.96%
09/25/2023,0.49%
09/26/2023,-1.04%
09/27/2023,0.59%
09/28/2023,1.24%
09/29/2023,-1.74%
10/02/2023,-0.86%
10/03/2023,-0.74%
10/04/2023,0.45%
10/05/2023,-0.31%
10/06/2023,1.54%
10/09/2023,-0.23%
10/10/2023,0.61%
10/11/2023,0.34%
10/12/2023,-0.23%
10/13/2023,1.50%
10/16/2023,-0.10%
10/17/2023,-0.22%
10/18/2023,-1.10%
10/19/2023,-0.42%
10/20/2023,-1.61%
10/23/2023,-1.36%
10/24/2023,0.12%
10/25/2023,-0.55%
10/26/2023,0.26%
10/27/2023,-3.60%
10/30/2023,1.27%
10/31/2023,1.19%
11/01/2023,-0.09%
11/02/2023,1.78%
11/03/2023,1.12%
11/06/2023,0.76%
11/07/2023,-0.05%
11/08/2023,0.49%
11/09/2023,-0.30%
11/10/2023,1.48%
11/13/2023,-0.44%
11/14/2023,1.82%
11/15/2023,0.88%
11/16/2023,1.14%
11/17/2023,0.90%
11/20/2023,0.31%
11/21/2023,-0.21%
11/22/2023,0.24%
11/24/2023,0.14%
11/27/2023,-0.23%
11/28/2023,0.23%
11/29/2023,0.51%
11/30/2023,1.14%
12/01/2023,0.49%
12/04/2023,0.73%
12/05/2023,-0.01%
12/06/2023,-1.05%
12/07/2023,0.31%
12/08/2023,1.10%
12/11/2023,0.37%
12/12/2023,0.89%
12/13/2023,0.34%
12/14/2023,1.82%
12/15/2023,0.76%
12/18/2023,0.61%
12/19/2023,1.34%
12/20/2023,-1.13%
12/21/2023,0.57%
12/22/2023,-0.06%
12/26/2023,0.59%
12/27/2023,0.60%
12/28/2023,0.53%
12/29/2023,-0.12%
